gene_id,gene_name,Common_Name,Citation,URL,Review,URL,Note,Pub_locus,Other_Name
WBGene00229025,Bm8764,,Bennuru,https://journals.plos.org/plosntds/article?id=10.1371/journal.pntd.0000410#s6,,,,Bm1_00425,TAG8764; Bm1_00425A; Bm1_00425
WBGene00224680,Bma-unc-73,,Bennuru,https://journals.plos.org/plosntds/article?id=10.1371/journal.pntd.0000410#s7,,,,Bm1_00750,TAG4419; Bm1_00750A; Bm1_00750; TAG4418; Bm1_20920A; Bm1_20915A; TAG11404; Bm1_20915; Bm1_20920; TAG8509; Bm1_00755A; Bm1_00755
WBGene00228928,Bm8667,,Bennuru,https://journals.plos.org/plosntds/article?id=10.1371/journal.pntd.0000410#s9,,,,Bm1_01480,TAG8667; Bm1_01480A; Bm1_01480
WBGene00222497,Bma-let-716,,Bennuru,https://journals.plos.org/plosntds/article?id=10.1371/journal.pntd.0000410#s10,,,,Bm1_01745,TAG2236; Bm1_01745A; TAG11269; TAG12110; Bm1_23830A; Bm1_01745
WBGene00223659,Bm3398,,Bennuru,https://journals.plos.org/plosntds/article?id=10.1371/journal.pntd.0000410#s11,,,,Bm1_01835,TAG3398; TAG12984; Bm1_01835A; TAG8117; Bm1_01835
WBGene00224971,Bma-unc-26,,Bennuru,https://journals.plos.org/plosntds/article?id=10.1371/journal.pntd.0000410#s12,,,,Bm1_02165,Bm-unc-26; TAG4710; Bm1_02165A; Bm1_02165
WBGene00224146,Bma-isw-1,,Bennuru,https://journals.plos.org/plosntds/article?id=10.1371/journal.pntd.0000410#s13,,,,Bm1_02485,Bm-isw-1; TAG3885; Bm1_02485A; Bm1_02485
WBGene00224510,Bma-mog-3,,Bennuru,https://journals.plos.org/plosntds/article?id=10.1371/journal.pntd.0000410#s14,,,,Bm1_02520,TAG4249; Bm1_02520A; TAG7754; TAG7755; TAG7757; TAG8464; Bm1_02520
WBGene00226389,Bm6128,,Bennuru,https://journals.plos.org/plosntds/article?id=10.1371/journal.pntd.0000410#s15,,,,Bm1_02770,TAG6128; Bm1_02770A; TAG554; Bm1_02770
WBGene00222719,Bma-dnc-2,,Bennuru,https://journals.plos.org/plosntds/article?id=10.1371/journal.pntd.0000410#s16,,,,Bm1_02805,Bm-dnc-2; TAG2458; Bm1_02805A; Bm1_02805
WBGene00228755,Bma-unc-52,,Bennuru,https://journals.plos.org/plosntds/article?id=10.1371/journal.pntd.0000410#s17,,,,Bm1_02995,TAG8494; Bm1_08985A; TAG11264; TAG11675; TAG11716; TAG12396; TAG14113; TAG1607; Bm-unc-52; TAG7346; Bm1_09895A; TAG7347; Bm1_02990A; Bm1_02995A; Bm1_11225A; Bm1_11675A; TAG7348; Bm1_53440A; TAG8038; Bm1_02990; Bm1_02995; Bm1_09895; Bm1_08985; Bm1_11675; Bm1_53440; Bm1_11225
WBGene00225463,Bm5202,,Bennuru,https://journals.plos.org/plosntds/article?id=10.1371/journal.pntd.0000410#s18,,,,Bm1_03250,TAG5202; Bm1_03250A; Bm1_22465A; Bm1_03250; Bm1_22465
WBGene00223694,Bm3433,,Bennuru,https://journals.plos.org/plosntds/article?id=10.1371/journal.pntd.0000410#s19,,,,Bm1_03400,Bm-che-3; TAG3433; Bm1_03395A; Bm1_03400A; TAG7885; Bm1_03400; Bm1_03395
WBGene00226370,Bma-mlt-11,,Bennuru,https://journals.plos.org/plosntds/article?id=10.1371/journal.pntd.0000410#s20,,,,Bm1_03520,TAG6109; Bm1_03515A; Bm1_03520A; Bm1_09195A; Bm1_17130A; TAG13191; TAG273; Bm1_21480A; Bm1_17140A; Bm1_03515; Bm1_21480; Bm1_09195; Bm1_03520; Bm1_17140
WBGene00234241,Bma-tald-1,,Bennuru,https://journals.plos.org/plosntds/article?id=10.1371/journal.pntd.0000410#s21,,,,Bm1_04195,TAG13980; Bm1_04195A; Bm1_04195
WBGene00231042,Bma-ttr-41,,Bennuru,https://journals.plos.org/plosntds/article?id=10.1371/journal.pntd.0000410#s22,,,,Bm1_04380,Bm-ttr-41; TAG10781; Bm1_04380A; Bm1_04380
WBGene00224022,Bma-mcm-7,,Bennuru,https://journals.plos.org/plosntds/article?id=10.1371/journal.pntd.0000410#s23,,,,Bm1_04660,TAG3761; Bm1_31460A; TAG12104; TAG9143; Bm1_04660A; Bm1_04660; Bm1_31460
WBGene00233578,Bma-ipgm-1,,Bennuru,https://journals.plos.org/plosntds/article?id=10.1371/journal.pntd.0000410#s24,,,,Bm1_04665,TAG13317; TAG4517; Bm1_04665A; Bm_iPGM; Bm1_04665
WBGene00231641,Bma-pro-2,,Bennuru,https://journals.plos.org/plosntds/article?id=10.1371/journal.pntd.0000410#s25,,,,Bm1_05305,TAG11380; TAG2046; Bm1_05305A; Bm1_05305
WBGene00232908,Bma-cyk-1,,Bennuru,https://journals.plos.org/plosntds/article?id=10.1371/journal.pntd.0000410#s26,,,,Bm1_05395,TAG12647; TAG9859; Bm1_05390A; TAG14196; Bm1_05395A; Bm1_09450A; Bm1_05395; Bm1_09450; Bm1_05390
WBGene00222731,Bm2470,,Bennuru,https://journals.plos.org/plosntds/article?id=10.1371/journal.pntd.0000410#s27,,,,Bm1_05835,TAG2470; Bm1_05830A; Bm1_05835A; Bm1_05840A; Bm1_05845A; Bm1_05835; Bm1_05830; Bm1_05845; Bm1_05840
WBGene00222892,Bm2631,,Bennuru,https://journals.plos.org/plosntds/article?id=10.1371/journal.pntd.0000410#s29,,,,Bm1_07305,TAG2631; Bm1_07305A; Bm1_07300A; Bm1_07305; Bm1_07300
WBGene00229532,Bm9271,,Bennuru,https://journals.plos.org/plosntds/article?id=10.1371/journal.pntd.0000410#s30,,,,Bm1_07305,TAG9271; Bm1_07300A; Bm1_07305; Bm1_07300
WBGene00229134,Bm8873,,Bennuru,https://journals.plos.org/plosntds/article?id=10.1371/journal.pntd.0000410#s31,,,,Bm1_07345,TAG8873; Bm1_07345A; Bm1_07345
WBGene00233048,Bma-bro-1,,Bennuru,https://journals.plos.org/plosntds/article?id=10.1371/journal.pntd.0000410#s32,,,,Bm1_07875,TAG12787; Bm1_07875A; Bm1_07875
WBGene00228376,Bm8115,,Bennuru,https://journals.plos.org/plosntds/article?id=10.1371/journal.pntd.0000410#s33,,,,Bm1_08090,TAG8115; Bm1_08090A; Bm1_08090
WBGene00233917,Bma-evl-20,,Bennuru,https://journals.plos.org/plosntds/article?id=10.1371/journal.pntd.0000410#s34,,,,Bm1_08620,Bm-evl-20; TAG13656; Bm1_08620A; Bm1_08620
WBGene00226394,Bma-hlh-30,,Bennuru,https://journals.plos.org/plosntds/article?id=10.1371/journal.pntd.0000410#s35,,,,Bm1_08785,Bm-hlh-30; TAG6133; Bm1_08785A; Bm1_08785
WBGene00223038,Bma-aspm-1,,Bennuru,https://journals.plos.org/plosntds/article?id=10.1371/journal.pntd.0000410#s36,,,,Bm1_09035,Bm-aspm-1; TAG2777; Bm1_09030A; Bm1_09035A; Bm1_09030; Bm1_09035
WBGene00227908,Bma-fzo-1,,Bennuru,https://journals.plos.org/plosntds/article?id=10.1371/journal.pntd.0000410#s37,,,,Bm1_09110,Bm-fzo-1; TAG7647; Bm1_09110A; Bm1_09110
WBGene00234094,Bm13833,,Bennuru,https://journals.plos.org/plosntds/article?id=10.1371/journal.pntd.0000410#s38,,,,Bm1_09295,Bm-hda-1; TAG13833; Bm1_09295A; Bm1_09295
WBGene00227441,Bma-uaf-1,,Bennuru,https://journals.plos.org/plosntds/article?id=10.1371/journal.pntd.0000410#s39,,,,Bm1_09760,Bm-uaf-1; TAG7180; Bm1_09760A; Bm1_09760
WBGene00229237,Bm8976,,Bennuru,https://journals.plos.org/plosntds/article?id=10.1371/journal.pntd.0000410#s40,,,,Bm1_09765,TAG8976; Bm1_09765A; Bm1_09765
WBGene00228755,Bma-unc-52,,Bennuru,https://journals.plos.org/plosntds/article?id=10.1371/journal.pntd.0000410#s41,,,,Bm1_09895,TAG8494; Bm1_08985A; TAG11264; TAG11675; TAG11716; TAG12396; TAG14113; TAG1607; Bm-unc-52; TAG7346; Bm1_09895A; TAG7347; Bm1_02990A; Bm1_02995A; Bm1_11225A; Bm1_11675A; TAG7348; Bm1_53440A; TAG8038; Bm1_02990; Bm1_02995; Bm1_09895; Bm1_08985; Bm1_11675; Bm1_53440; Bm1_11225
WBGene00225766,Bm5505,,Bennuru,https://journals.plos.org/plosntds/article?id=10.1371/journal.pntd.0000410#s42,,,,Bm1_09950,TAG5505; Bm1_09950A; Bm1_09950
WBGene00230036,Bm9775,,Bennuru,https://journals.plos.org/plosntds/article?id=10.1371/journal.pntd.0000410#s43,,,,Bm1_10060,TAG9775; Bm1_10060A; Bm1_10060
WBGene00227547,Bma-sql-1,,Bennuru,https://journals.plos.org/plosntds/article?id=10.1371/journal.pntd.0000410#s44,,,,Bm1_10120,TAG7286; Bm1_10120A; Bm1_11700A; Bm1_11705A; Bm1_10120; Bm1_11700; Bm1_11705
WBGene00222170,Bma-olrn-1,,Bennuru,https://journals.plos.org/plosntds/article?id=10.1371/journal.pntd.0000410#s45,,,,Bm1_10485,Bm-olrn-1; TAG1909; Bm1_10485A; Bm1_10485
WBGene00224321,Bma-msra-1,,Bennuru,https://journals.plos.org/plosntds/article?id=10.1371/journal.pntd.0000410#s46,,,,Bm1_10795,Bm-msra-1; TAG4060; Bm1_10795A; Bm1_10795
WBGene00268221,Bm17077,,Bennuru,https://journals.plos.org/plosntds/article?id=10.1371/journal.pntd.0000410#s47,,,,Bm1_11185,Bm1_04225A; Bm1_04220A; Bm1_11185A; Bm1_04360A; Bm1_04360; Bm1_11185
WBGene00228755,Bma-unc-52,,Bennuru,https://journals.plos.org/plosntds/article?id=10.1371/journal.pntd.0000410#s48,,,,Bm1_11225,TAG8494; Bm1_08985A; TAG11264; TAG11675; TAG11716; TAG12396; TAG14113; TAG1607; Bm-unc-52; TAG7346; Bm1_09895A; TAG7347; Bm1_02990A; Bm1_02995A; Bm1_11225A; Bm1_11675A; TAG7348; Bm1_53440A; TAG8038; Bm1_02990; Bm1_02995; Bm1_09895; Bm1_08985; Bm1_11675; Bm1_53440; Bm1_11225
WBGene00227275,Bma-epg-9,,Bennuru,https://journals.plos.org/plosntds/article?id=10.1371/journal.pntd.0000410#s49,,,,Bm1_11240,TAG7014; Bm1_11240A; TAG13052; Bm1_11240
WBGene00228755,Bma-unc-52,,Bennuru,https://journals.plos.org/plosntds/article?id=10.1371/journal.pntd.0000410#s50,,,,Bm1_11675,TAG8494; Bm1_08985A; TAG11264; TAG11675; TAG11716; TAG12396; TAG14113; TAG1607; Bm-unc-52; TAG7346; Bm1_09895A; TAG7347; Bm1_02990A; Bm1_02995A; Bm1_11225A; Bm1_11675A; TAG7348; Bm1_53440A; TAG8038; Bm1_02990; Bm1_02995; Bm1_09895; Bm1_08985; Bm1_11675; Bm1_53440; Bm1_11225
WBGene00224333,Bm4072,,Bennuru,https://journals.plos.org/plosntds/article?id=10.1371/journal.pntd.0000410#s52,,,,Bm1_12115,TAG4072; Bm1_12115A; Bm1_12115
WBGene00226350,Bma-syx-17,,Bennuru,https://journals.plos.org/plosntds/article?id=10.1371/journal.pntd.0000410#s53,,,,Bm1_12115,Bm-syx-17; TAG6089; Bm1_12115A; Bm1_12115
WBGene00225934,Bma-rbm-5,,Bennuru,https://journals.plos.org/plosntds/article?id=10.1371/journal.pntd.0000410#s54,,,,Bm1_12225,TAG5673; Bm1_12225A; Bm1_12225
WBGene00222353,Bm2092,,Bennuru,https://journals.plos.org/plosntds/article?id=10.1371/journal.pntd.0000410#s55,,,,Bm1_12515,TAG2092; Bm1_12515A; Bm1_53490A; Bm1_22290A; Bm1_22295A; Bm1_22280A; Bm1_17625A; TAG12671; TAG127; TAG2091; Bm1_13695A; Bm1_53960A; Bm1_17625; Bm1_13695; Bm1_12515; Bm1_53960; Bma-ttn-1
WBGene00234117,Bma-rpn-5,,Bennuru,https://journals.plos.org/plosntds/article?id=10.1371/journal.pntd.0000410#s56,,,,Bm1_12660,Bm-rpn-5; TAG13856; Bm1_12660A; Bm1_12660
WBGene00230877,Bm10616,,Bennuru,https://journals.plos.org/plosntds/article?id=10.1371/journal.pntd.0000410#s57,,,,Bm1_12810,TAG10616; Bm1_12810A; TAG10617; Bm1_12805A; Bm1_12805; Bm1_12810
WBGene00229118,Bm8857,,Bennuru,https://journals.plos.org/plosntds/article?id=10.1371/journal.pntd.0000410#s58,,,,Bm1_12980,TAG8857; Bm1_12980A; TAG11480; Bm1_12980
WBGene00229282,Bm9021,,Bennuru,https://journals.plos.org/plosntds/article?id=10.1371/journal.pntd.0000410#s59,,,,Bm1_13015,TAG9021; Bm1_13015A; Bm1_13015
WBGene00234986,Bm14801,,Bennuru,https://journals.plos.org/plosntds/article?id=10.1371/journal.pntd.0000410#s60,,,,Bm1_13345,TAG14801; Bm1_13345A; TAG8646; Bm1_13345
WBGene00229298,Bm9037,,Bennuru,https://journals.plos.org/plosntds/article?id=10.1371/journal.pntd.0000410#s61,,,,Bm1_13815,TAG9037; Bm1_13815A; Bm1_13815
WBGene00229189,Bm8928,,Bennuru,https://journals.plos.org/plosntds/article?id=10.1371/journal.pntd.0000410#s62,,,,Bm1_13900,TAG8928; Bm1_13900A; Bm1_13900
WBGene00229702,Bm9441,,Bennuru,https://journals.plos.org/plosntds/article?id=10.1371/journal.pntd.0000410#s63,,,,Bm1_14485,TAG9441; Bm1_14485A; Bm1_14485
WBGene00227861,Bm7600,,Bennuru,https://journals.plos.org/plosntds/article?id=10.1371/journal.pntd.0000410#s64,,,,Bm1_14800,TAG7600; Bm1_06130A; Bm1_06130B; Bm1_13570A; Bm1_14800A; Bm1_14805A; Bm1_56045A; Bm1_14800; Bm1_06130; Bma-anc-1
WBGene00268229,Bm17085,,Bennuru,https://journals.plos.org/plosntds/article?id=10.1371/journal.pntd.0000410#s65,,,,Bm1_15145,Bm1_15145A; Bm1_15145
WBGene00222897,Bm2636,,Bennuru,https://journals.plos.org/plosntds/article?id=10.1371/journal.pntd.0000410#s66,,,,Bm1_15185,TAG2636; Bm1_15185A; TAG10784; Bm1_07050A; Bm1_07050; Bm1_15185
WBGene00226053,Bma-hex-1,,Bennuru,https://journals.plos.org/plosntds/article?id=10.1371/journal.pntd.0000410#s67,,,,Bm1_15330,Bm-hex-1; TAG5792; Bm1_15330A; Bm1_15330
WBGene00224511,Bm4250,,Bennuru,https://journals.plos.org/plosntds/article?id=10.1371/journal.pntd.0000410#s68,,,,Bm1_15735,TAG4250; Bm1_15735A; TAG11344; TAG14471; Bm1_15735
WBGene00225840,Bma-qua-1,,Bennuru,https://journals.plos.org/plosntds/article?id=10.1371/journal.pntd.0000410#s69,,,,Bm1_16530,Bm-qua-1; TAG5579; Bm1_16530A; Bm1_16535A; Bm1_16535; Bm1_16530
WBGene00225772,Bma-hcp-4,,Bennuru,https://journals.plos.org/plosntds/article?id=10.1371/journal.pntd.0000410#s70,,,,Bm1_16685,Bm-hcp-4; TAG5511; Bm1_16685A; Bm1_16685
WBGene00223394,Bma-dnpp-1,,Bennuru,https://journals.plos.org/plosntds/article?id=10.1371/journal.pntd.0000410#s71,,,,Bm1_16690,Bm-dnpp-1; TAG3133; Bm1_16690A; Bm1_16690
WBGene00231289,Bm11028,,Bennuru,https://journals.plos.org/plosntds/article?id=10.1371/journal.pntd.0000410#s72,,,,Bm1_16735,TAG11028; Bm1_16735A; Bm1_16735
WBGene00223534,Bm3273,,Bennuru,https://journals.plos.org/plosntds/article?id=10.1371/journal.pntd.0000410#s73,,,,Bm1_16890,TAG3273; Bm1_16890A; Bm1_26445A; Bm1_16890; Bm1_26445
WBGene00228159,Bm7898,,Bennuru,https://journals.plos.org/plosntds/article?id=10.1371/journal.pntd.0000410#s74,,,,Bm1_16970,TAG7898; Bm1_16970A; TAG12617; TAG12618; Bm1_16970
WBGene00231685,Bm11424,,Bennuru,https://journals.plos.org/plosntds/article?id=10.1371/journal.pntd.0000410#s75,,,,Bm1_17115,TAG11424; TAG4167; Bm1_17110A; Bm1_17115A; Bm1_17110; Bm1_17115
WBGene00230600,Bm10339,,Bennuru,https://journals.plos.org/plosntds/article?id=10.1371/journal.pntd.0000410#s76,,,,Bm1_17265,TAG10339; Bm1_17265A; Bm1_17270A; Bm1_17265
WBGene00229220,Bm8959,,Bennuru,https://journals.plos.org/plosntds/article?id=10.1371/journal.pntd.0000410#s77,,,,Bm1_17565,TAG8959; Bm1_17565A; Bm1_17565
WBGene00230778,Bm10517,,Bennuru,https://journals.plos.org/plosntds/article?id=10.1371/journal.pntd.0000410#s78,,,,Bm1_17735,TAG10517; Bm1_17730A; Bm1_17735A; Bm1_17735; Bm1_17730
WBGene00268394,Bm17251,,Bennuru,https://journals.plos.org/plosntds/article?id=10.1371/journal.pntd.0000410#s79,,,,Bm1_18010,Bm1_04185A; Bm1_18010A; Bm1_18010
WBGene00225240,Bm4979,,Bennuru,https://journals.plos.org/plosntds/article?id=10.1371/journal.pntd.0000410#s80,,,,Bm1_18155,TAG4979; Bm1_18155A; TAG11373; TAG12186; TAG12187; Bm1_18155
WBGene00224279,Bma-nfm-1,,Bennuru,https://journals.plos.org/plosntds/article?id=10.1371/journal.pntd.0000410#s81,,,,Bm1_18470,Bm-nfm-1; TAG4018; Bm1_18465A; Bm1_18470A; Bm1_18465; Bm1_18470
WBGene00226614,Bma-thoc-5,,Bennuru,https://journals.plos.org/plosntds/article?id=10.1371/journal.pntd.0000410#s82,,,,Bm1_18480,TAG6353; Bm1_18475A; Bm1_18480A; Bm1_18475; Bm1_18480
WBGene00233064,Bm12803,,Bennuru,https://journals.plos.org/plosntds/article?id=10.1371/journal.pntd.0000410#s83,,,,Bm1_18805,Bm-cpl-8; TAG12803; Bm1_18805A; Bma-cpl-8; Bm1_18805
WBGene00234258,Bma-rpn-9,,Bennuru,https://journals.plos.org/plosntds/article?id=10.1371/journal.pntd.0000410#s84,,,,Bm1_19590,Bm-rpn-9; TAG13997; Bm1_19590A; Bm1_28575A; Bm1_19590
WBGene00225826,Bm5565,,Bennuru,https://journals.plos.org/plosntds/article?id=10.1371/journal.pntd.0000410#s85,,,,Bm1_20340,Bm-cki-1; TAG5565; Bm1_20340A; Bm1_20340
WBGene00223469,Bma-snrp-40.1,,Bennuru,https://journals.plos.org/plosntds/article?id=10.1371/journal.pntd.0000410#s86,,,,Bm1_20440,TAG3208; Bm1_20440A; Bm1_20440
WBGene00228148,Bm7887,,Bennuru,https://journals.plos.org/plosntds/article?id=10.1371/journal.pntd.0000410#s87,,,,Bm1_20460,TAG7887; Bm1_20455A; Bm1_20460A; Bm1_20465A; Bm1_20465; Bm1_20455; Bm1_20460
WBGene00222208,Bma-pac-1,,Bennuru,https://journals.plos.org/plosntds/article?id=10.1371/journal.pntd.0000410#s88,,,,Bm1_20475,Bm-pac-1; TAG1947; Bm1_20475A; TAG8303; Bm1_03435A; TAG9865; TAG9864; Bm1_03435; Bm1_20475
WBGene00226077,Bm5816,,Bennuru,https://journals.plos.org/plosntds/article?id=10.1371/journal.pntd.0000410#s89,,,,Bm1_20585,TAG5816; Bm1_20580A; Bm1_20585A; Bm1_20590A; Bm1_20580; Bm1_20585; Bm1_20590
WBGene00226716,Bma-ckr-2,,Bennuru,https://journals.plos.org/plosntds/article?id=10.1371/journal.pntd.0000410#s90,,,,Bm1_20830,Bm-ckr-2; TAG6455; Bm1_20830A; Bm1_20835A; Bm1_20835; Bm1_20830
WBGene00226097,Bm5836,,Bennuru,https://journals.plos.org/plosntds/article?id=10.1371/journal.pntd.0000410#s91,,,,Bm1_21025,TAG5836; Bm1_21025A; TAG7775; Bm1_18040A; TAG13205; Bm1_21025; Bm1_18040
WBGene00223718,Bma-hpk-1,,Bennuru,https://journals.plos.org/plosntds/article?id=10.1371/journal.pntd.0000410#s92,,,,Bm1_21245,Bm-hpk-1; TAG3457; Bm1_21245A; Bm1_21245
WBGene00227396,Bm7135,,Bennuru,https://journals.plos.org/plosntds/article?id=10.1371/journal.pntd.0000410#s93,,,,Bm1_21335,TAG7135; Bm1_21335A; Bm1_21335B; Bm1_21335
WBGene00224174,Bm3913,,Bennuru,https://journals.plos.org/plosntds/article?id=10.1371/journal.pntd.0000410#s94,,,,Bm1_21375,TAG3913; Bm1_21375A; TAG6997; Bm1_21375
WBGene00226885,Bma-rnp-6,,Bennuru,https://journals.plos.org/plosntds/article?id=10.1371/journal.pntd.0000410#s95,,,,Bm1_21390,Bm-rnp-6; TAG6624; Bm1_21390A; Bm1_55125A; Bm1_21390; Bm1_55125
WBGene00231539,Bm11278,,Bennuru,https://journals.plos.org/plosntds/article?id=10.1371/journal.pntd.0000410#s96,,,,Bm1_21555,TAG11278; TAG11277; Bm1_21555A; Bm1_21555
WBGene00232281,Bma-tim-1,,Bennuru,https://journals.plos.org/plosntds/article?id=10.1371/journal.pntd.0000410#s97,,,,Bm1_21675,TAG12020; TAG11374; TAG7139; Bm1_21675A; Bm1_21675
WBGene00222745,Bma-unc-103,,Bennuru,https://journals.plos.org/plosntds/article?id=10.1371/journal.pntd.0000410#s98,,,,Bm1_21880,Bm-unc-103; TAG2484; Bm1_21880A; TAG10046; Bm1_21880
WBGene00223410,Bma-xbx-1,,Bennuru,https://journals.plos.org/plosntds/article?id=10.1371/journal.pntd.0000410#s99,,,,Bm1_22100,Bm-xbx-1; TAG3149; Bm1_12090A; Bm1_22100A; Bm1_22100; Bm1_12090
WBGene00222399,Bma-fut-8,,Bennuru,https://journals.plos.org/plosntds/article?id=10.1371/journal.pntd.0000410#s100,,,,Bm1_22280,Bm-fut-8; TAG2138; Bm1_22280A; Bm1_08420A; Bm1_22280
WBGene00225879,Bm5618,,Bennuru,https://journals.plos.org/plosntds/article?id=10.1371/journal.pntd.0000410#s101,,,,Bm1_22870,Bm-atl-1; TAG5618; Bm1_22870A; TAG14710; TAG14709; Bm1_22870
WBGene00223253,Bma-mrpl-48,,Bennuru,https://journals.plos.org/plosntds/article?id=10.1371/journal.pntd.0000410#s102,,,,Bm1_23010,TAG2992; Bm1_23010A; Bm1_23010
WBGene00231732,Bma-tep-1,,Bennuru,https://journals.plos.org/plosntds/article?id=10.1371/journal.pntd.0000410#s103,,,,Bm1_23100,TAG11471; TAG11533; TAG11679; Bm1_23105A; Bm1_23100A; Bm1_23100; Bm1_23105
WBGene00231732,Bma-tep-1,,Bennuru,https://journals.plos.org/plosntds/article?id=10.1371/journal.pntd.0000410#s104,,,,Bm1_23105,TAG11471; TAG11533; TAG11679; Bm1_23105A; Bm1_23100A; Bm1_23100; Bm1_23105
WBGene00225974,Bma-gars-1,,Bennuru,https://journals.plos.org/plosntds/article?id=10.1371/journal.pntd.0000410#s105,,,,Bm1_23170,Bm-gars-1; TAG5713; Bm1_23170A; Bm1_23170
WBGene00234041,Bm13780,,Bennuru,https://journals.plos.org/plosntds/article?id=10.1371/journal.pntd.0000410#s106,,,,Bm1_24035,TAG13780; Bm1_24035A; SM7; SM7; Bm1_24035
WBGene00234226,Bma-enol-1,,Bennuru,https://journals.plos.org/plosntds/article?id=10.1371/journal.pntd.0000410#s107,,,,Bm1_24115,TAG13965; Bm1_24115A; Bm1_24115; Bma-enol-1.2
WBGene00269233,Bm18093,,Bennuru,https://journals.plos.org/plosntds/article?id=10.1371/journal.pntd.0000410#s108,,,,Bm1_24235,Bm1_24235A; Bm1_24235
WBGene00230380,Bm10119,,Bennuru,https://journals.plos.org/plosntds/article?id=10.1371/journal.pntd.0000410#s109,,,,Bm1_24310,TAG10119; Bm1_24310A; Bm1_24305A; Bm1_24305; Bm1_24310
WBGene00224538,Bma-lec-2,,Bennuru,https://journals.plos.org/plosntds/article?id=10.1371/journal.pntd.0000410#s110,,,,Bm1_24940,TAG4277; Bm1_24940A; TAG11256; Bma-lec-4; Bm1_24940
WBGene00228987,Bma-mrpl-39,,Bennuru,https://journals.plos.org/plosntds/article?id=10.1371/journal.pntd.0000410#s111,,,,Bm1_25105,Bm-mrpl-39; TAG8726; Bm1_25105A; Bm1_25105
WBGene00224747,Bma-daam-1,,Bennuru,https://journals.plos.org/plosntds/article?id=10.1371/journal.pntd.0000410#s112,,,,Bm1_25450,Bm-daam-1; TAG4486; Bm1_25450A; TAG8095; Bm1_25450
WBGene00227150,Bma-pqn-87,,Bennuru,https://journals.plos.org/plosntds/article?id=10.1371/journal.pntd.0000410#s113,,,,Bm1_25670,TAG6889; Bm1_25670A; Bm1_25675A; TAG12644; TAG1369; Bm1_25675; Bm1_25670
WBGene00224099,Bma-che-10,,Bennuru,https://journals.plos.org/plosntds/article?id=10.1371/journal.pntd.0000410#s114,,,,Bm1_25800,Bm-dyf-14; TAG3838; Bm1_25795A; Bm1_25800A; Bma-dyf-14; Bm1_25800
WBGene00224556,Bma-madd-4,,Bennuru,https://journals.plos.org/plosntds/article?id=10.1371/journal.pntd.0000410#s115,,,,Bm1_26135,TAG4295; Bm1_26135A; TAG8190; TAG10744; Bm1_26120A; TAG10743; Bm1_26125A; Bm1_26140; Bm1_26120; Bm1_26125; Bm1_26135
WBGene00226565,Bm6304,,Bennuru,https://journals.plos.org/plosntds/article?id=10.1371/journal.pntd.0000410#s116,,,,Bm1_26270,TAG6304; Bm1_08470A; Bm1_26270A; Bm1_08470; Bm1_26270
WBGene00234093,Bma-dld-1,,Bennuru,https://journals.plos.org/plosntds/article?id=10.1371/journal.pntd.0000410#s117,,,,Bm1_26290,Bm-dld-1; TAG13832; Bm1_26290A; Bm1_26290
WBGene00231575,Bma-ketn-1,,Bennuru,https://journals.plos.org/plosntds/article?id=10.1371/journal.pntd.0000410#s118,,,,Bm1_26690,TAG11314; TAG11315; Bm-ketn-1; TAG4370; Bm1_26690A; Bm1_54260A; Bm1_55550A; Bm1_56905A; Bm1_57640A; Bm1_02325A; TAG4371; Bm1_26690; Bm1_54260; Bm1_55550; Bm1_56905; Bm1_02325; Bm1_57640
WBGene00228278,Bm8017,,Bennuru,https://journals.plos.org/plosntds/article?id=10.1371/journal.pntd.0000410#s119,,,,Bm1_27495,TAG8017; Bm1_08975A; Bm1_14005A; Bm1_27495A; Bm1_08975; Bm1_27500; Bm1_27495; Bm1_27505; Bm1_14005
WBGene00231170,Bm10909,,Bennuru,https://journals.plos.org/plosntds/article?id=10.1371/journal.pntd.0000410#s120,,,,Bm1_27775,TAG10909; Bm1_27775A; Bm1_27775
WBGene00229151,Bm8890,,Bennuru,https://journals.plos.org/plosntds/article?id=10.1371/journal.pntd.0000410#s121,,,,Bm1_28055,TAG8890; Bm1_28055A; Bm1_28055
WBGene00226075,Bma-ekl-6,,Bennuru,https://journals.plos.org/plosntds/article?id=10.1371/journal.pntd.0000410#s122,,,,Bm1_28315,Bm-ekl-6; TAG5814; Bm1_28315A; Bm1_28320A; TAG12037; TAG13887; Bm1_28320; Bm1_28315
WBGene00227131,Bma-mif-1,,Bennuru,https://journals.plos.org/plosntds/article?id=10.1371/journal.pntd.0000410#s123,,,,Bm1_28435,Bm-mif-1; TAG6870; Bm1_28435A; Bm1_28435
WBGene00233994,Bma-eef-2,,Bennuru,https://journals.plos.org/plosntds/article?id=10.1371/journal.pntd.0000410#s124,,,,Bm1_28480,Bm-eef-2; TAG13733; Bm1_28480A; Bm1_28480
WBGene00234141,Bma-tpi-1,,Bennuru,https://journals.plos.org/plosntds/article?id=10.1371/journal.pntd.0000410#s125,,,,Bm1_29130,Bm-tpi-1; TAG13880; Bm1_29130A; Bm1_29130
WBGene00228932,Bm8671,,Bennuru,https://journals.plos.org/plosntds/article?id=10.1371/journal.pntd.0000410#s126,,,,Bm1_29250,TAG8671; Bm1_29250A; Bm1_29250
WBGene00222969,Bma-rpl-34,,Bennuru,https://journals.plos.org/plosntds/article?id=10.1371/journal.pntd.0000410#s127,,,,Bm1_29260,Bm-rpl-34; TAG2708; Bm1_29260A; TAG973; Bm1_29260
WBGene00226485,Bma-nsun-1,,Bennuru,https://journals.plos.org/plosntds/article?id=10.1371/journal.pntd.0000410#s128,,,,Bm1_29315,Bm-nol-1; TAG6224; Bm1_29315A; Bma-nol-1; Bm1_29315; Bma-nol-2
WBGene00225734,Bm5473,,Bennuru,https://journals.plos.org/plosntds/article?id=10.1371/journal.pntd.0000410#s129,,,,Bm1_29730,TAG5473; Bm1_29730A; Bm1_29735A; Bm1_29730; Bm1_29735
WBGene00223352,Bm3091,,Bennuru,https://journals.plos.org/plosntds/article?id=10.1371/journal.pntd.0000410#s130,,,,Bm1_29780,TAG3091; Bm1_29780A; Bm1_29780
WBGene00229976,Bm9715,,Bennuru,https://journals.plos.org/plosntds/article?id=10.1371/journal.pntd.0000410#s131,,,,Bm1_29935,TAG9715; Bm1_29935A; TAG1292; TAG12563; Bm1_29935
WBGene00224583,Bm4322,,Bennuru,https://journals.plos.org/plosntds/article?id=10.1371/journal.pntd.0000410#s132,,,,Bm1_29990,Bm-spe-8; TAG4322; Bm1_29990A; Bm1_29985A; Bm1_29990; Bm1_29985
WBGene00226924,Bma-nol-14,,Bennuru,https://journals.plos.org/plosntds/article?id=10.1371/journal.pntd.0000410#s133,,,,Bm1_30175,TAG6663; Bm1_30175A; Bm1_30175
WBGene00229731,Bm9470,,Bennuru,https://journals.plos.org/plosntds/article?id=10.1371/journal.pntd.0000410#s134,,,,Bm1_30300,TAG9470; Bm1_30300A; Bm1_30300
WBGene00223363,Bma-madd-3,,Bennuru,https://journals.plos.org/plosntds/article?id=10.1371/journal.pntd.0000410#s135,,,,Bm1_30560,Bm-tag-172; TAG3102; Bma-tag-172; Bm1_30570; Bm1_30560; Bm1_30565
WBGene00230048,Bma-ints-1,,Bennuru,https://journals.plos.org/plosntds/article?id=10.1371/journal.pntd.0000410#s136,,,,Bm1_30710,TAG9787; Bm1_30710; Bm1_30705; Bma-inst-1
WBGene00222367,Bm2106,,Bennuru,https://journals.plos.org/plosntds/article?id=10.1371/journal.pntd.0000410#s137,,,,Bm1_30810,TAG2106; Bm1_30815; Bm1_30810
WBGene00233289,Bma-talp-3,,Bennuru,https://journals.plos.org/plosntds/article?id=10.1371/journal.pntd.0000410#s138,,,,Bm1_31290,TAG13028; Bm1_31290
WBGene00227282,Bm7021,,Bennuru,https://journals.plos.org/plosntds/article?id=10.1371/journal.pntd.0000410#s139,,,,Bm1_31500,TAG7021; Bm1_31500A; Bm1_31500
WBGene00222753,Bm2492,,Bennuru,https://journals.plos.org/plosntds/article?id=10.1371/journal.pntd.0000410#s140,,,,Bm1_31550,TAG2492; Bm1_31550A; Bm1_31550
WBGene00229680,Bm9419,,Bennuru,https://journals.plos.org/plosntds/article?id=10.1371/journal.pntd.0000410#s141,,,,Bm1_31815,TAG9419; Bm1_31815A; Bm1_31815
WBGene00234238,Bma-ostb-1,,Bennuru,https://journals.plos.org/plosntds/article?id=10.1371/journal.pntd.0000410#s142,,,,Bm1_31915,Bm-ostb-1; TAG13977; Bm1_31915A; Bm1_31915
WBGene00224864,Bm4603,,Bennuru,https://journals.plos.org/plosntds/article?id=10.1371/journal.pntd.0000410#s143,,,,Bm1_32185,TAG4603; Bm1_32185
WBGene00229802,Bm9541,,Bennuru,https://journals.plos.org/plosntds/article?id=10.1371/journal.pntd.0000410#s144,,,,Bm1_32745,TAG9541; Bm1_32745
WBGene00222624,Bma-ajm-1,,Bennuru,https://journals.plos.org/plosntds/article?id=10.1371/journal.pntd.0000410#s145,,,,Bm1_32990,TAG2363; TAG12535; Bm-ajm-1; TAG396; Bm1_33000; Bm1_32995; Bm1_32990; Bm1_32985
WBGene00230185,Bm9924,,Bennuru,https://journals.plos.org/plosntds/article?id=10.1371/journal.pntd.0000410#s146,,,,Bm1_33600,TAG9924; Bm1_33600
WBGene00225095,Bm4834,,Bennuru,https://journals.plos.org/plosntds/article?id=10.1371/journal.pntd.0000410#s147,,,,Bm1_33655,TAG4834; Bm1_33655; Bm1_33650
WBGene00222626,Bma-cpr-6,,Bennuru,https://journals.plos.org/plosntds/article?id=10.1371/journal.pntd.0000410#s148,,,,Bm1_33735,Bm-cpr-6; TAG2365; Bm1_33735
WBGene00223174,Bma-imb-3,,Bennuru,https://journals.plos.org/plosntds/article?id=10.1371/journal.pntd.0000410#s149,,,,Bm1_33925,Bm-imb-3; TAG2913; Bm1_33925
WBGene00230763,Bm10502,,Bennuru,https://journals.plos.org/plosntds/article?id=10.1371/journal.pntd.0000410#s150,,,,Bm1_34555,TAG10502; Bm1_34555A; TAG2297; Bm1_34535A; TAG10501; Bm1_34550A; Bm1_34530A; Bm1_34550; Bm1_34555; Bm1_34530; Bm1_34535
WBGene00226273,Bma-chs-1,,Bennuru,https://journals.plos.org/plosntds/article?id=10.1371/journal.pntd.0000410#s151,,,,Bm1_35215,Bm-chs-1; TAG6012; Bm1_35215A; Bm1_35215
WBGene00226237,Bm5976,,Bennuru,https://journals.plos.org/plosntds/article?id=10.1371/journal.pntd.0000410#s152,,,,Bm1_35740,TAG5976; Bm1_35740A; Bm1_35740
WBGene00227699,Bm7438,,Bennuru,https://journals.plos.org/plosntds/article?id=10.1371/journal.pntd.0000410#s153,,,,Bm1_35885,TAG7438; Bm1_35885A; TAG12476; Bm1_35885
WBGene00224102,Bm3841,,Bennuru,https://journals.plos.org/plosntds/article?id=10.1371/journal.pntd.0000410#s154,,,,Bm1_36435,TAG3841; Bm1_36435
WBGene00223816,Bm3555,,Bennuru,https://journals.plos.org/plosntds/article?id=10.1371/journal.pntd.0000410#s155,,,,Bm1_36555,TAG3555; Bm1_36555
WBGene00234125,Bma-fahd-1,,Bennuru,https://journals.plos.org/plosntds/article?id=10.1371/journal.pntd.0000410#s156,,,,Bm1_36665,TAG13864; Bm1_36665
WBGene00229924,Bma-apc-11.1,,Bennuru,https://journals.plos.org/plosntds/article?id=10.1371/journal.pntd.0000410#s157,,,,Bm1_37620,TAG9663; TAG3849; Bm1_37615; Bm1_37620
WBGene00227656,Bm7395,,Bennuru,https://journals.plos.org/plosntds/article?id=10.1371/journal.pntd.0000410#s158,,,,Bm1_37930,TAG7395; Bm1_37930
WBGene00223658,Bm3397,,Bennuru,https://journals.plos.org/plosntds/article?id=10.1371/journal.pntd.0000410#s159,,,,Bm1_37970,TAG3397; Bm1_37970
WBGene00225115,Bma-ptr-14,,Bennuru,https://journals.plos.org/plosntds/article?id=10.1371/journal.pntd.0000410#s160,,,,Bm1_38310,Bm-ptr-14; TAG4854; Bm1_38310
WBGene00224633,Bma-rbc-1,,Bennuru,https://journals.plos.org/plosntds/article?id=10.1371/journal.pntd.0000410#s161,,,,Bm1_38395,Bm-rbc-1; TAG4372; TAG9632; TAG13437; Bm1_38395
WBGene00226361,Bma-cwn-2,,Bennuru,https://journals.plos.org/plosntds/article?id=10.1371/journal.pntd.0000410#s162,,,,Bm1_38810,Bm-cwn-2; TAG6100; Bm1_38810
WBGene00231259,Bm10998,,Bennuru,https://journals.plos.org/plosntds/article?id=10.1371/journal.pntd.0000410#s163,,,,Bm1_39240,TAG10998; Bm1_39240
WBGene00227763,Bm7502,,Bennuru,https://journals.plos.org/plosntds/article?id=10.1371/journal.pntd.0000410#s164,,,,Bm1_39425,Bm-unc-22; TAG7502; Bm1_39425; Bma-unc-89
WBGene00233948,Bma-copb-2,,Bennuru,https://journals.plos.org/plosntds/article?id=10.1371/journal.pntd.0000410#s165,,,,Bm1_39470,TAG13687; TAG14674; Bm1_39470
WBGene00225371,Bma-atg-7,,Bennuru,https://journals.plos.org/plosntds/article?id=10.1371/journal.pntd.0000410#s166,,,,Bm1_39695,Bm-atg-7; TAG5110; Bm1_39695
WBGene00231210,Bm10949,,Bennuru,https://journals.plos.org/plosntds/article?id=10.1371/journal.pntd.0000410#s167,,,,Bm1_40350,TAG10949; TAG4961; Bm1_40350
WBGene00226925,Bm6664,,Bennuru,https://journals.plos.org/plosntds/article?id=10.1371/journal.pntd.0000410#s168,,,,Bm1_40395,Bm-atm-1; TAG6664; Bm1_40395; Bm1_40390
WBGene00222412,Bm2151,,Bennuru,https://journals.plos.org/plosntds/article?id=10.1371/journal.pntd.0000410#s169,,,,Bm1_40465,TAG2151; Bm1_40465
WBGene00223763,Bma-ets-4,,Bennuru,https://journals.plos.org/plosntds/article?id=10.1371/journal.pntd.0000410#s170,,,,Bm1_40485,Bm-ets-4; TAG3502; Bm1_40485; Bm1_40490
WBGene00225962,Bm5701,,Bennuru,https://journals.plos.org/plosntds/article?id=10.1371/journal.pntd.0000410#s171,,,,Bm1_40520,TAG5701; TAG14286; Bm1_40520
WBGene00225490,Bm5229,,Bennuru,https://journals.plos.org/plosntds/article?id=10.1371/journal.pntd.0000410#s172,,,,Bm1_40580,TAG5229; Bm1_40580
WBGene00223034,Bm2773,,Bennuru,https://journals.plos.org/plosntds/article?id=10.1371/journal.pntd.0000410#s173,,,,Bm1_40635,TAG2773; TAG1501; TAG10933; Bm1_40630; Bm1_40635
WBGene00224762,Bma-fbl-1,,Bennuru,https://journals.plos.org/plosntds/article?id=10.1371/journal.pntd.0000410#s174,,,,Bm1_40830,Bm-fbl-1; TAG4501; Bm1_40830; Bm1_40825
WBGene00225215,Bm4954,,Bennuru,https://journals.plos.org/plosntds/article?id=10.1371/journal.pntd.0000410#s175,,,,Bm1_40875,TAG4954; Bm1_40875
WBGene00226484,Bma-gei-4,,Bennuru,https://journals.plos.org/plosntds/article?id=10.1371/journal.pntd.0000410#s176,,,,Bm1_41495,Bm-gei-4; TAG6223; Bm1_41495A; TAG12465; Bm1_41495
WBGene00233890,Bm13629,,Bennuru,https://journals.plos.org/plosntds/article?id=10.1371/journal.pntd.0000410#s177,,,,Bm1_41650,TAG13629; Bm1_41650A; Bm1_41655A; TAG969; Bm1_41655; Bm1_41650
WBGene00224985,Bma-tdc-1,,Bennuru,https://journals.plos.org/plosntds/article?id=10.1371/journal.pntd.0000410#s178,,,,Bm1_42020,Bm-tdc-1; TAG4724; Bm1_42020; Bm1_42015
WBGene00226324,Bm6063,,Bennuru,https://journals.plos.org/plosntds/article?id=10.1371/journal.pntd.0000410#s179,,,,Bm1_42035,TAG6063; Bm1_42030; Bm1_42035
WBGene00230671,Bm10410,,Bennuru,https://journals.plos.org/plosntds/article?id=10.1371/journal.pntd.0000410#s180,,,,Bm1_42375,TAG10410; Bm1_42375
WBGene00225096,Bma-dgk-5,,Bennuru,https://journals.plos.org/plosntds/article?id=10.1371/journal.pntd.0000410#s181,,,,Bm1_42420,Bm-dgk-5; TAG4835; TAG10415; Bm1_42420
WBGene00226189,Bma-vab-19,,Bennuru,https://journals.plos.org/plosntds/article?id=10.1371/journal.pntd.0000410#s182,,,,Bm1_42495,Bm-vab-19; TAG5928; Bm1_42495; Bm1_42500
WBGene00230088,Bm9827,,Bennuru,https://journals.plos.org/plosntds/article?id=10.1371/journal.pntd.0000410#s183,,,,Bm1_43080,TAG9827; Bm1_55845A; Bm1_43080; Bm1_55845
WBGene00229214,Bm8953,,Bennuru,https://journals.plos.org/plosntds/article?id=10.1371/journal.pntd.0000410#s184,,,,Bm1_43370,TAG8953; Bm1_43370
WBGene00224353,Bm4092,,Bennuru,https://journals.plos.org/plosntds/article?id=10.1371/journal.pntd.0000410#s185,,,,Bm1_43415,TAG4092; Bm1_43415
WBGene00226449,Bma-nhl-3,,Bennuru,https://journals.plos.org/plosntds/article?id=10.1371/journal.pntd.0000410#s186,,,,Bm1_43610,Bm-nhl-3; TAG6188; Bm1_43610
WBGene00234968,Bma-vps-18,,Bennuru,https://journals.plos.org/plosntds/article?id=10.1371/journal.pntd.0000410#s187,,,,Bm1_43620,TAG14783; Bm-vps-18; TAG6205; Bm1_43620
WBGene00223071,Bma-trr-1,,Bennuru,https://journals.plos.org/plosntds/article?id=10.1371/journal.pntd.0000410#s188,,,,Bm1_43835,TAG2810; TAG12479; TAG12480; Bm1_43835
WBGene00227366,Bm7105,,Bennuru,https://journals.plos.org/plosntds/article?id=10.1371/journal.pntd.0000410#s189,,,,Bm1_44135,TAG7105; Bm1_44135; Bm1_44140
WBGene00224614,Bm4353,,Bennuru,https://journals.plos.org/plosntds/article?id=10.1371/journal.pntd.0000410#s190,,,,Bm1_44250,TAG4353; Bm1_44250
WBGene00227033,Bm6772,,Bennuru,https://journals.plos.org/plosntds/article?id=10.1371/journal.pntd.0000410#s191,,,,Bm1_44445,Bm-unc-116; TAG6772; Bm1_44445
WBGene00225478,Bm5217,,Bennuru,https://journals.plos.org/plosntds/article?id=10.1371/journal.pntd.0000410#s192,,,,Bm1_44575,TAG5217; Bm1_44575
WBGene00231111,Bm10850,,Bennuru,https://journals.plos.org/plosntds/article?id=10.1371/journal.pntd.0000410#s193,,,,Bm1_45040,TAG10850; Bm1_45040; Bm-FAR-2
WBGene00225260,Bma-unc-68,,Bennuru,https://journals.plos.org/plosntds/article?id=10.1371/journal.pntd.0000410#s194,,,,Bm1_45145,TAG4999; TAG12453; Bm1_45145
WBGene00225788,Bma-nifk-1,,Bennuru,https://journals.plos.org/plosntds/article?id=10.1371/journal.pntd.0000410#s195,,,,Bm1_45185,TAG5527; Bm1_45185
WBGene00223708,Bma-fbn-1,,Bennuru,https://journals.plos.org/plosntds/article?id=10.1371/journal.pntd.0000410#s196,,,,Bm1_45425,Bm-fbn-1; TAG3447; Bm1_45425; Bm1_45430
WBGene00231078,Bm10817,,Bennuru,https://journals.plos.org/plosntds/article?id=10.1371/journal.pntd.0000410#s197,,,,Bm1_45550,TAG10817; TAG11162; Bm1_45555; Bm1_45550
WBGene00231078,Bm10817,,Bennuru,https://journals.plos.org/plosntds/article?id=10.1371/journal.pntd.0000410#s198,,,,Bm1_45555,TAG10817; TAG11162; Bm1_45555; Bm1_45550
WBGene00231077,Bm10816,,Bennuru,https://journals.plos.org/plosntds/article?id=10.1371/journal.pntd.0000410#s199,,,,Bm1_45590,TAG10816; Bm1_45590
WBGene00225642,Bm5381,,Bennuru,https://journals.plos.org/plosntds/article?id=10.1371/journal.pntd.0000410#s200,,,,Bm1_45650,Bm-ten-1; TAG5381; TAG10812; TAG655; Bm1_45645; Bm1_45650
WBGene00225541,Bma-snfc-5,,Bennuru,https://journals.plos.org/plosntds/article?id=10.1371/journal.pntd.0000410#s201,,,,Bm1_46120,Bm-snfc-5; TAG5280; Bm1_46120
WBGene00225546,Bma-rnp-4,,Bennuru,https://journals.plos.org/plosntds/article?id=10.1371/journal.pntd.0000410#s202,,,,Bm1_46120,Bm-rnp-4; TAG5285; Bm1_46120
WBGene00220879,Bm618,,Bennuru,https://journals.plos.org/plosntds/article?id=10.1371/journal.pntd.0000410#s203,,,,Bm1_46460,TAG618; Bm1_46460
WBGene00222406,Bm2145,,Bennuru,https://journals.plos.org/plosntds/article?id=10.1371/journal.pntd.0000410#s204,,,,Bm1_46460,TAG2145; Bm1_46460
WBGene00268524,Bm17381,,Bennuru,https://journals.plos.org/plosntds/article?id=10.1371/journal.pntd.0000410#s205,,,,Bm1_46560,Bm1_46560
WBGene00225191,Bma-cat-2,,Bennuru,https://journals.plos.org/plosntds/article?id=10.1371/journal.pntd.0000410#s206,,,,Bm1_46865,TAG4930; Bm1_46865A; TAG1807; Bm1_46865
WBGene00231497,Bm11236,,Bennuru,https://journals.plos.org/plosntds/article?id=10.1371/journal.pntd.0000410#s207,,,,Bm1_46930,TAG11236; TAG14319; TAG449; Bm1_46930A; Bm1_46930
WBGene00228427,Bma-feh-1,,Bennuru,https://journals.plos.org/plosntds/article?id=10.1371/journal.pntd.0000410#s208,,,,Bm1_47385,TAG8166; TAG6809; Bm1_47385A; Bm1_47385
WBGene00223652,Bma-dys-1,,Bennuru,https://journals.plos.org/plosntds/article?id=10.1371/journal.pntd.0000410#s209,,,,Bm1_47810,Bm-dys-1; TAG3391; Bm1_47795; Bm1_47800; Bm1_47805; Bm1_47810
WBGene00233955,Bma-wdr-12,,Bennuru,https://journals.plos.org/plosntds/article?id=10.1371/journal.pntd.0000410#s210,,,,Bm1_47965,Bm-tag-345; TAG13694; Bma-tag-345; Bm1_47965
WBGene00233102,Bm12841,,Bennuru,https://journals.plos.org/plosntds/article?id=10.1371/journal.pntd.0000410#s211,,,,Bm1_48000,TAG12841; Bm1_48000
WBGene00234970,Bma-ctn-1,,Bennuru,https://journals.plos.org/plosntds/article?id=10.1371/journal.pntd.0000410#s212,,,,Bm1_48025,TAG14785; TAG12434; Bm1_48020; Bm1_48025
WBGene00223024,Bma-ubr-4,,Bennuru,https://journals.plos.org/plosntds/article?id=10.1371/journal.pntd.0000410#s213,,,,Bm1_48470,TAG2763; TAG2761; Bm1_48470; Bm1_48465
WBGene00223878,Bm3617,,Bennuru,https://journals.plos.org/plosntds/article?id=10.1371/journal.pntd.0000410#s214,,,,Bm1_49125,TAG3617; Bm1_49125; Bm1_49120
WBGene00235022,Bm14687,,Bennuru,https://journals.plos.org/plosntds/article?id=10.1371/journal.pntd.0000410#s215,,,,Bm1_49125,TAG14687; Bm1_49125; Bm1_49120
WBGene00224190,Bma-sur-2,,Bennuru,https://journals.plos.org/plosntds/article?id=10.1371/journal.pntd.0000410#s216,,,,Bm1_49790,Bm-sur-2; TAG3929; Bm1_49795; Bm1_49790
WBGene00224192,Bma-mtcu-1,,Bennuru,https://journals.plos.org/plosntds/article?id=10.1371/journal.pntd.0000410#s217,,,,Bm1_49790,TAG3931; Bm1_49790; Bm1_49795
WBGene00221312,Bm1051,,Bennuru,https://journals.plos.org/plosntds/article?id=10.1371/journal.pntd.0000410#s218,,,,Bm1_49890,TAG1051; TAG12443; TAG12444; TAG7703; Bm1_49875; Bm1_49880; Bm1_49910; Bm1_49865; Bm1_49885; Bm1_49890; Bm1_49860; Bm1_49870
WBGene00225122,Bma-mrps-15,,Bennuru,https://journals.plos.org/plosntds/article?id=10.1371/journal.pntd.0000410#s219,,,,Bm1_49915,Bm-mrps-15; TAG4861; Bm1_49915
WBGene00225939,Bm5678,,Bennuru,https://journals.plos.org/plosntds/article?id=10.1371/journal.pntd.0000410#s220,,,,Bm1_50075,TAG5678; TAG12496; TAG12497; TAG12498; Bm1_50075
WBGene00230781,Bma-hex-2,,Bennuru,https://journals.plos.org/plosntds/article?id=10.1371/journal.pntd.0000410#s221,,,,Bm1_50240,Bm-hex-2; TAG10520; Bm1_50240
WBGene00226491,Bma-lap-2,,Bennuru,https://journals.plos.org/plosntds/article?id=10.1371/journal.pntd.0000410#s222,,,,Bm1_50530,Bm-lap-2; TAG6230; Bm1_50530
WBGene00230805,Bma-unc-34,,Bennuru,https://journals.plos.org/plosntds/article?id=10.1371/journal.pntd.0000410#s223,,,,Bm1_50610,TAG10544; TAG6704; TAG13146; Bm10544; Bm1_50610; Bm1_50615
WBGene00231447,Bma-myo-3,,Bennuru,https://journals.plos.org/plosntds/article?id=10.1371/journal.pntd.0000410#s224,,,,Bm1_50805,TAG11186; TAG11189; TAG11991; TAG5021; Bm1_50805
WBGene00226345,Bma-npa-1,,Bennuru,https://journals.plos.org/plosntds/article?id=10.1371/journal.pntd.0000410#s225,,,,Bm1_50995,Bm-npa-1; TAG6084; Bm1_50995; Bm1_51000
WBGene00222210,Bma-unc-46,,Bennuru,https://journals.plos.org/plosntds/article?id=10.1371/journal.pntd.0000410#s226,,,,Bm1_51060,Bm-unc-46; TAG1949; Bm1_51065; Bm1_51060
WBGene00224517,Bma-aagr-4,,Bennuru,https://journals.plos.org/plosntds/article?id=10.1371/journal.pntd.0000410#s227,,,,Bm1_51425,Bm-aagr-4; TAG4256; Bm1_51425
WBGene00225530,Bma-gana-1,,Bennuru,https://journals.plos.org/plosntds/article?id=10.1371/journal.pntd.0000410#s228,,,,Bm1_51545,Bm-gana-1; TAG5269; Bm1_51540; Bm1_51545
WBGene00222461,Bma-mma-1,,Bennuru,https://journals.plos.org/plosntds/article?id=10.1371/journal.pntd.0000410#s229,,,,Bm1_51715,TAG2200; Bm1_51715
WBGene00222222,Bm1961,,Bennuru,https://journals.plos.org/plosntds/article?id=10.1371/journal.pntd.0000410#s230,,,,Bm1_51980,TAG1961; Bm1_51980
WBGene00227208,Bm6947,,Bennuru,https://journals.plos.org/plosntds/article?id=10.1371/journal.pntd.0000410#s231,,,,Bm1_52810,TAG6947; TAG11181; TAG11953; TAG11954; Bm1_52810
WBGene00226072,Bm5811,,Bennuru,https://journals.plos.org/plosntds/article?id=10.1371/journal.pntd.0000410#s232,,,,Bm1_52950,TAG5811; Bm1_52950
WBGene00225062,Bma-let-805,,Bennuru,https://journals.plos.org/plosntds/article?id=10.1371/journal.pntd.0000410#s233,,,,Bm1_53510,TAG4801; Bm1_02140A; Bm1_09810A; Bm1_12945A; Bm1_19525A; Bm1_53505A; Bm1_53510A; Bm1_53515A; Bm1_55510A; Bm1_57145A; TAG11312; TAG12130; Bm1_53505; Bm1_02140; Bm1_12945; Bm1_53515; Bm1_55510; Bm1_09810; Bm1_19525; Bm1_57145; Bm1_53510
WBGene00225062,Bma-let-805,,Bennuru,https://journals.plos.org/plosntds/article?id=10.1371/journal.pntd.0000410#s234,,,,Bm1_53515,TAG4801; Bm1_02140A; Bm1_09810A; Bm1_12945A; Bm1_19525A; Bm1_53505A; Bm1_53510A; Bm1_53515A; Bm1_55510A; Bm1_57145A; TAG11312; TAG12130; Bm1_53505; Bm1_02140; Bm1_12945; Bm1_53515; Bm1_55510; Bm1_09810; Bm1_19525; Bm1_57145; Bm1_53510
WBGene00268350,Bm17207,,Bennuru,https://journals.plos.org/plosntds/article?id=10.1371/journal.pntd.0000410#s235,,,,Bm1_53865,Bm1_53865A; Bm1_53865
WBGene00229158,Bm8897,,Bennuru,https://journals.plos.org/plosntds/article?id=10.1371/journal.pntd.0000410#s236,,,,Bm1_54040,TAG8897; Bm1_10495A; Bm1_54040A; Bm1_54045A; Bm1_54045; Bm1_54040; Bm1_10495
WBGene00228117,Bm7856,,Bennuru,https://journals.plos.org/plosntds/article?id=10.1371/journal.pntd.0000410#s237,,,,Bm1_54200,TAG7856; Bm1_54190A; Bm1_54195A; Bm1_54200A; Bm1_54195; Bm1_54190; Bm1_54200
WBGene00224198,Bma-add-1,,Bennuru,https://journals.plos.org/plosntds/article?id=10.1371/journal.pntd.0000410#s238,,,,Bm1_54595,Bm-add-2; TAG3937; Bm1_54595A; Bma-add-2; Bm1_54595
WBGene00233200,Bm12939,,Bennuru,https://journals.plos.org/plosntds/article?id=10.1371/journal.pntd.0000410#s239,,,,Bm1_54825,TAG12939; TAG12940; Bm1_54820A; TAG12941; Bm1_54825A; TAG12440; TAG959; TAG1651; Bm1_49580; Bm1_54820; Bm1_54825; Bm1_49575
WBGene00226215,Bma-rbd-1,,Bennuru,https://journals.plos.org/plosntds/article?id=10.1371/journal.pntd.0000410#s240,,,,Bm1_54890,TAG5954; Bm1_54890A; TAG11188; Bm1_54890; Bm1_50800
WBGene00230077,Bm9816,,Bennuru,https://journals.plos.org/plosntds/article?id=10.1371/journal.pntd.0000410#s241,,,,Bm1_56305,TAG9816; Bm1_55695A; Bm1_56305A; TAG736; ES-62; ES-62; ES-62; ES-62; Bm1_56305; Bm1_55695
WBGene00225535,Bm5274,,Bennuru,https://journals.plos.org/plosntds/article?id=10.1371/journal.pntd.0000410#s242,,,,Bm1_56675,TAG5274; Bm1_03065A; Bm1_56675A; Bm1_56675; Bm1_03065
WBGene00223985,Bma-fkb-6,,Bennuru,https://journals.plos.org/plosntds/article?id=10.1371/journal.pntd.0000410#s243,,,,Bm1_56870,Bm-fkb-6; TAG3724; Bm1_56870A; Bm1_56870
WBGene00226943,Bma-ppk-2,,Bennuru,https://journals.plos.org/plosntds/article?id=10.1371/journal.pntd.0000410#s244,,,,Bm1_57205,Bm-ppk-2; TAG6682; Bm1_57205A; Bm1_57205
WBGene00223620,Bm3359,,Bennuru,https://journals.plos.org/plosntds/article?id=10.1371/journal.pntd.0000410#s245,,,,Bm1_57270,TAG3359; Bm1_57270A; Bm1_57270
WBGene00226585,Bma-emb-9,,Bennuru,https://journals.plos.org/plosntds/article?id=10.1371/journal.pntd.0000410#s246,,,,Bm1_57370,Bm-emb-9; TAG6324; Bm1_57370A; TAG14423; Bm1_57370
